<?xml version="1.0" encoding="utf-8" ?>
<dwsync>
<file name="custom.js" server="D:/wamp/www/EyeKolkata/wwwroot/" local="129349560317812500" remote="129349560310000000" />
<file name="easyTooltip.js" server="D:/wamp/www/EyeKolkata/wwwroot/" local="129339480840000000" remote="129339480840000000" />
<file name="hoverIntent.js" server="D:/wamp/www/EyeKolkata/wwwroot/" local="129339481020000000" remote="129339481020000000" />
<file name="jquery-1.3.2.min.js" server="D:/wamp/www/EyeKolkata/wwwroot/" local="129339480780000000" remote="129339480780000000" />
<file name="jquery-ui-1.7.2.custom.min.js" server="D:/wamp/www/EyeKolkata/wwwroot/" local="129339480920000000" remote="129339480920000000" />
<file name="jquery.wysiwyg.js" server="D:/wamp/www/EyeKolkata/wwwroot/" local="129339480980000000" remote="129339480980000000" />
<file name="superfish.js" server="D:/wamp/www/EyeKolkata/wwwroot/" local="129339481080000000" remote="129339481080000000" />
<file name="swfobject.js" server="D:/wamp/www/EyeKolkata/wwwroot/" local="128891834400000000" remote="128891834400000000" />
</dwsync>