<?xml version="1.0" encoding="utf-8" ?>
<dwsync>
<file name="alrt-big.png" server="D:/wamp/www/EyeKolkata/wwwroot/" local="128980733920000000" remote="128980733920000000" />
<file name="alrt.png" server="D:/wamp/www/EyeKolkata/wwwroot/" local="128980733920000000" remote="128980733920000000" />
<file name="arrow_left.png" server="D:/wamp/www/EyeKolkata/wwwroot/" local="129339490300000000" remote="129339490300000000" />
<file name="arrow_left_hover.png" server="D:/wamp/www/EyeKolkata/wwwroot/" local="129339490400000000" remote="129339490400000000" />
<file name="email.png" server="D:/wamp/www/EyeKolkata/wwwroot/" local="129253788540000000" remote="129253788540000000" />
<file name="err-big.png" server="D:/wamp/www/EyeKolkata/wwwroot/" local="128980733760000000" remote="128980733760000000" />
<file name="err.png" server="D:/wamp/www/EyeKolkata/wwwroot/" local="128980733740000000" remote="128980733740000000" />
<file name="glass.png" server="D:/wamp/www/EyeKolkata/wwwroot/" local="129339489440000000" remote="129339489440000000" />
<file name="icons_black.png" server="D:/wamp/www/EyeKolkata/wwwroot/" local="129339494420000000" remote="129339494420000000" />
<file name="icons_white.png" server="D:/wamp/www/EyeKolkata/wwwroot/" local="129339489020000000" remote="129339489020000000" />
<file name="info-big.png" server="D:/wamp/www/EyeKolkata/wwwroot/" local="128980733700000000" remote="128980733700000000" />
<file name="info.png" server="D:/wamp/www/EyeKolkata/wwwroot/" local="128980733700000000" remote="128980733700000000" />
<file name="input.png" server="D:/wamp/www/EyeKolkata/wwwroot/" local="129339488640000000" remote="129339488640000000" />
<file name="jquery.wysiwyg.gif" server="D:/wamp/www/EyeKolkata/wwwroot/" local="129339505200000000" remote="129339505200000000" />
<file name="largebut.png" server="D:/wamp/www/EyeKolkata/wwwroot/" local="129339490540000000" remote="129339490540000000" />
<file name="largebut_hover.png" server="D:/wamp/www/EyeKolkata/wwwroot/" local="129339490660000000" remote="129339490660000000" />
<file name="loginbg.png" server="D:/wamp/www/EyeKolkata/wwwroot/" local="129340203540000000" remote="129340203540000000" />
<file name="logo.png" server="D:/wamp/www/EyeKolkata/wwwroot/" local="129348831915156250" remote="129348831910000000" />
<file name="mhover.png" server="D:/wamp/www/EyeKolkata/wwwroot/" local="129339490180000000" remote="129339490180000000" />
<file name="rep1.png" server="D:/wamp/www/EyeKolkata/wwwroot/" local="129339490860000000" remote="129339490860000000" />
<file name="repgray2.png" server="D:/wamp/www/EyeKolkata/wwwroot/" local="129339488320000000" remote="129339488320000000" />
<file name="searchbar.png" server="D:/wamp/www/EyeKolkata/wwwroot/" local="129339489620000000" remote="129339489620000000" />
<file name="siderep.png" server="D:/wamp/www/EyeKolkata/wwwroot/" local="129339495320000000" remote="129339495320000000" />
<file name="warn-big.png" server="D:/wamp/www/EyeKolkata/wwwroot/" local="128980733600000000" remote="128980733600000000" />
<file name="warn.png" server="D:/wamp/www/EyeKolkata/wwwroot/" local="128980733600000000" remote="128980733600000000" />
</dwsync>