<?xml version="1.0" encoding="utf-8" ?>
<dwsync>
<file name="bottom.jpg" server="D:/wamp/www/EyeKolkata/wwwroot/" local="129337824200000000" remote="129337824200000000" />
<file name="clinic.jpg" server="D:/wamp/www/EyeKolkata/wwwroot/" local="129337824220000000" remote="129337824220000000" />
<file name="disease.jpg" server="D:/wamp/www/EyeKolkata/wwwroot/" local="129337824200000000" remote="129337824200000000" />
<file name="eyecomputer.jpg" server="D:/wamp/www/EyeKolkata/wwwroot/" local="129337824180000000" remote="129337824180000000" />
<file name="lens.jpg" server="D:/wamp/www/EyeKolkata/wwwroot/" local="129337824180000000" remote="129337824180000000" />
<file name="mission.jpg" server="D:/wamp/www/EyeKolkata/wwwroot/" local="129337824160000000" remote="129337824160000000" />
<file name="safety.jpg" server="D:/wamp/www/EyeKolkata/wwwroot/" local="129337824160000000" remote="129337824160000000" />
<file name="sdas.jpg" server="D:/wamp/www/EyeKolkata/wwwroot/" local="129337824160000000" remote="129337824160000000" />
<file name="surgery.jpg" server="D:/wamp/www/EyeKolkata/wwwroot/" local="129337824140000000" remote="129337824140000000" />
<file name="top.jpg" server="D:/wamp/www/EyeKolkata/wwwroot/" local="129337824120000000" remote="129337824120000000" />
</dwsync>