<?xml version="1.0" encoding="utf-8" ?>
<dwsync>
<file name="1.jpg" server="D:/wamp/www/EyeKolkata/wwwroot/" local="129337828680000000" remote="129337828680000000" />
<file name="10.jpg" server="D:/wamp/www/EyeKolkata/wwwroot/" local="129337828680000000" remote="129337828680000000" />
<file name="10_small.jpg" server="D:/wamp/www/EyeKolkata/wwwroot/" local="129337828660000000" remote="129337828660000000" />
<file name="1_small.jpg" server="D:/wamp/www/EyeKolkata/wwwroot/" local="129337828640000000" remote="129337828640000000" />
<file name="2.jpg" server="D:/wamp/www/EyeKolkata/wwwroot/" local="129337828640000000" remote="129337828640000000" />
<file name="2_small.jpg" server="D:/wamp/www/EyeKolkata/wwwroot/" local="129337828620000000" remote="129337828620000000" />
<file name="3.jpg" server="D:/wamp/www/EyeKolkata/wwwroot/" local="129337828620000000" remote="129337828620000000" />
<file name="3_small.jpg" server="D:/wamp/www/EyeKolkata/wwwroot/" local="129337828600000000" remote="129337828600000000" />
<file name="4.jpg" server="D:/wamp/www/EyeKolkata/wwwroot/" local="129337828600000000" remote="129337828600000000" />
<file name="4_small.jpg" server="D:/wamp/www/EyeKolkata/wwwroot/" local="129337828580000000" remote="129337828580000000" />
<file name="5.jpg" server="D:/wamp/www/EyeKolkata/wwwroot/" local="129337828580000000" remote="129337828580000000" />
<file name="5_small.jpg" server="D:/wamp/www/EyeKolkata/wwwroot/" local="129337828560000000" remote="129337828560000000" />
<file name="6.jpg" server="D:/wamp/www/EyeKolkata/wwwroot/" local="129337828560000000" remote="129337828560000000" />
<file name="6_small.jpg" server="D:/wamp/www/EyeKolkata/wwwroot/" local="129337828540000000" remote="129337828540000000" />
<file name="7.jpg" server="D:/wamp/www/EyeKolkata/wwwroot/" local="129337828540000000" remote="129337828540000000" />
<file name="7_small.jpg" server="D:/wamp/www/EyeKolkata/wwwroot/" local="129337828520000000" remote="129337828520000000" />
<file name="8.jpg" server="D:/wamp/www/EyeKolkata/wwwroot/" local="129337828520000000" remote="129337828520000000" />
<file name="8_small.jpg" server="D:/wamp/www/EyeKolkata/wwwroot/" local="129337828500000000" remote="129337828500000000" />
<file name="9.jpg" server="D:/wamp/www/EyeKolkata/wwwroot/" local="129337828500000000" remote="129337828500000000" />
<file name="9_small.jpg" server="D:/wamp/www/EyeKolkata/wwwroot/" local="129337828480000000" remote="129337828480000000" />
<file name="Thumbs.db" server="D:/wamp/www/EyeKolkata/wwwroot/" local="129337828480000000" remote="129337828480000000" />
</dwsync>