<?xml version="1.0" encoding="utf-8" ?>
<dwsync>
<file name="14_48x48.png" server="D:/wamp/www/EyeKolkata/wwwroot/" local="129339478800000000" remote="129339478800000000" />
<file name="16_48x48.png" server="D:/wamp/www/EyeKolkata/wwwroot/" local="129339478800000000" remote="129339478800000000" />
<file name="1_48x48.png" server="D:/wamp/www/EyeKolkata/wwwroot/" local="129339478800000000" remote="129339478800000000" />
<file name="20_48x48.png" server="D:/wamp/www/EyeKolkata/wwwroot/" local="129339478800000000" remote="129339478800000000" />
<file name="21_48x48.png" server="D:/wamp/www/EyeKolkata/wwwroot/" local="129339478800000000" remote="129339478800000000" />
<file name="25_48x48.png" server="D:/wamp/www/EyeKolkata/wwwroot/" local="129339478800000000" remote="129339478800000000" />
<file name="26_48x48.png" server="D:/wamp/www/EyeKolkata/wwwroot/" local="129339478800000000" remote="129339478800000000" />
<file name="29_48x48.png" server="D:/wamp/www/EyeKolkata/wwwroot/" local="129339478800000000" remote="129339478800000000" />
<file name="30_48x48.png" server="D:/wamp/www/EyeKolkata/wwwroot/" local="129339478800000000" remote="129339478800000000" />
<file name="3_48x48.png" server="D:/wamp/www/EyeKolkata/wwwroot/" local="129339478800000000" remote="129339478800000000" />
<file name="4_48x48.png" server="D:/wamp/www/EyeKolkata/wwwroot/" local="129339478800000000" remote="129339478800000000" />
<file name="5_48x48.png" server="D:/wamp/www/EyeKolkata/wwwroot/" local="129339478800000000" remote="129339478800000000" />
<file name="7_48x48.png" server="D:/wamp/www/EyeKolkata/wwwroot/" local="129339478800000000" remote="129339478800000000" />
<file name="8_48x48.png" server="D:/wamp/www/EyeKolkata/wwwroot/" local="129339478800000000" remote="129339478800000000" />
<file name="9_48x48.png" server="D:/wamp/www/EyeKolkata/wwwroot/" local="129339478800000000" remote="129339478800000000" />
<file name="delete.png" server="D:/wamp/www/EyeKolkata/wwwroot/" local="129211597700000000" remote="129211597700000000" />
<file name="detail.png" server="D:/wamp/www/EyeKolkata/wwwroot/" local="129267656540000000" remote="129267656540000000" />
<file name="edit.png" server="D:/wamp/www/EyeKolkata/wwwroot/" local="129211597260000000" remote="129211597260000000" />
<file name="info_48.png" server="D:/wamp/www/EyeKolkata/wwwroot/" local="129339496160000000" remote="129339496160000000" />
<file name="stop_48.png" server="D:/wamp/www/EyeKolkata/wwwroot/" local="129339495740000000" remote="129339495740000000" />
<file name="tick_48.png" server="D:/wamp/www/EyeKolkata/wwwroot/" local="129339496040000000" remote="129339496040000000" />
<file name="warning_48.png" server="D:/wamp/www/EyeKolkata/wwwroot/" local="129339495920000000" remote="129339495920000000" />
</dwsync>