<?xml version="1.0" encoding="utf-8" ?>
<dwsync>
<file name="dropdown.css" server="D:/wamp/www/EyeKolkata/wwwroot/" local="129341475152343750" remote="129341475150000000" />
<file name="dropdown.limited.css" server="D:/wamp/www/EyeKolkata/wwwroot/" local="128573199360000000" remote="128573199360000000" />
<file name="dropdown.linear.columnar.css" server="D:/wamp/www/EyeKolkata/wwwroot/" local="129059365800000000" remote="129059365800000000" />
<file name="dropdown.linear.css" server="D:/wamp/www/EyeKolkata/wwwroot/" local="128573199300000000" remote="128573199300000000" />
<file name="dropdown.min.css" server="D:/wamp/www/EyeKolkata/wwwroot/" local="128573199240000000" remote="128573199240000000" />
<file name="dropdown.upward.css" server="D:/wamp/www/EyeKolkata/wwwroot/" local="128573199160000000" remote="128573199160000000" />
<file name="dropdown.vertical.css" server="D:/wamp/www/EyeKolkata/wwwroot/" local="129032038320000000" remote="129032038320000000" />
<file name="dropdown.vertical.rtl.css" server="D:/wamp/www/EyeKolkata/wwwroot/" local="128573198980000000" remote="128573198980000000" />
</dwsync>