<?xml version="1.0" encoding="utf-8" ?>
<dwsync>
<file name="about_us.php" server="D:/wamp/www/EyeKolkata/wwwroot/" local="129346840093281250" remote="129346840090000000" />
<file name="clinic.php" server="D:/wamp/www/EyeKolkata/wwwroot/" local="129346840164218750" remote="129346840160000000" />
<file name="contact_us.php" server="D:/wamp/www/EyeKolkata/wwwroot/" local="129346840210000000" remote="129346840210000000" />
<file name="disease.php" server="D:/wamp/www/EyeKolkata/wwwroot/" local="129337563010000000" remote="129337563010000000" />
<file name="eye_care.php" server="D:/wamp/www/EyeKolkata/wwwroot/" local="129346840313906250" remote="129346840310000000" />
<file name="faq.php" server="D:/wamp/www/EyeKolkata/wwwroot/" local="129348808637812500" remote="129348808630000000" />
<file name="home.php" server="D:/wamp/www/EyeKolkata/wwwroot/" local="129346756790000000" remote="129346756790000000" />
<file name="hwnd_email.php" server="D:/wamp/www/EyeKolkata/wwwroot/" local="129346837845000000" remote="129346837840000000" />
<file name="index.php" server="D:/wamp/www/EyeKolkata/wwwroot/" local="129346761082031250" remote="129346761080000000" />
<file name="nopage.html" server="D:/wamp/www/EyeKolkata/wwwroot/" local="129346744640312500" remote="129346744640000000" />
<file name="surgery.php" server="D:/wamp/www/EyeKolkata/wwwroot/" local="129346839459062500" remote="129346839450000000" />
</dwsync>