<?xml version="1.0" encoding="utf-8" ?>
<dwsync>
<file name="bg_search-field.png" server="D:/wamp/www/EyeKolkata/wwwroot/" local="129060491920000000" remote="129060491920000000" />
<file name="box1-bottom.png" server="D:/wamp/www/EyeKolkata/wwwroot/" local="129060491920000000" remote="129060491920000000" />
<file name="box1-bottom2.png" server="D:/wamp/www/EyeKolkata/wwwroot/" local="129060491920000000" remote="129060491920000000" />
<file name="box1-outwards-top-right.png" server="D:/wamp/www/EyeKolkata/wwwroot/" local="129060491920000000" remote="129060491920000000" />
<file name="box1-top-left.png" server="D:/wamp/www/EyeKolkata/wwwroot/" local="129060491920000000" remote="129060491920000000" />
<file name="box1-top-right.png" server="D:/wamp/www/EyeKolkata/wwwroot/" local="129060491920000000" remote="129060491920000000" />
<file name="box1-top.png" server="D:/wamp/www/EyeKolkata/wwwroot/" local="129060491920000000" remote="129060491920000000" />
<file name="btn_search.png" server="D:/wamp/www/EyeKolkata/wwwroot/" local="129060491920000000" remote="129060491920000000" />
<file name="favicon.ico" server="D:/wamp/www/EyeKolkata/wwwroot/" local="129031898860000000" remote="129031898860000000" />
<file name="icon.png" server="D:/wamp/www/EyeKolkata/wwwroot/" local="129060491920000000" remote="129060491920000000" />
<file name="logo_lwis.png" server="D:/wamp/www/EyeKolkata/wwwroot/" local="129060491920000000" remote="129060491920000000" />
<file name="nav-arrow-down-green.png" server="D:/wamp/www/EyeKolkata/wwwroot/" local="129060491920000000" remote="129060491920000000" />
<file name="nav-arrow-down.png" server="D:/wamp/www/EyeKolkata/wwwroot/" local="129060491920000000" remote="129060491920000000" />
<file name="nav-arrow-left.png" server="D:/wamp/www/EyeKolkata/wwwroot/" local="129060491920000000" remote="129060491920000000" />
<file name="nav-arrow-right-green.png" server="D:/wamp/www/EyeKolkata/wwwroot/" local="129060491920000000" remote="129060491920000000" />
<file name="nav-arrow-right.png" server="D:/wamp/www/EyeKolkata/wwwroot/" local="129060491920000000" remote="129060491920000000" />
<file name="nav-arrow-top.png" server="D:/wamp/www/EyeKolkata/wwwroot/" local="129060491920000000" remote="129060491920000000" />
<file name="sun.png" server="D:/wamp/www/EyeKolkata/wwwroot/" local="129060491920000000" remote="129060491920000000" />
</dwsync>