<?xml version="1.0" encoding="utf-8" ?>
<dwsync>
<file name="1.png" server="D:/wamp/www/EyeKolkata/wwwroot/" local="129337828440000000" remote="129337828440000000" />
<file name="10.png" server="D:/wamp/www/EyeKolkata/wwwroot/" local="129337828420000000" remote="129337828420000000" />
<file name="11.png" server="D:/wamp/www/EyeKolkata/wwwroot/" local="129337828400000000" remote="129337828400000000" />
<file name="12.png" server="D:/wamp/www/EyeKolkata/wwwroot/" local="129337828400000000" remote="129337828400000000" />
<file name="13.png" server="D:/wamp/www/EyeKolkata/wwwroot/" local="129337828400000000" remote="129337828400000000" />
<file name="15.png" server="D:/wamp/www/EyeKolkata/wwwroot/" local="129337828380000000" remote="129337828380000000" />
<file name="2.png" server="D:/wamp/www/EyeKolkata/wwwroot/" local="129337828380000000" remote="129337828380000000" />
<file name="23.png" server="D:/wamp/www/EyeKolkata/wwwroot/" local="129337828360000000" remote="129337828360000000" />
<file name="3.png" server="D:/wamp/www/EyeKolkata/wwwroot/" local="129337828360000000" remote="129337828360000000" />
<file name="4.png" server="D:/wamp/www/EyeKolkata/wwwroot/" local="129337828340000000" remote="129337828340000000" />
<file name="5.png" server="D:/wamp/www/EyeKolkata/wwwroot/" local="129337828320000000" remote="129337828320000000" />
<file name="6.png" server="D:/wamp/www/EyeKolkata/wwwroot/" local="129337828320000000" remote="129337828320000000" />
<file name="8.png" server="D:/wamp/www/EyeKolkata/wwwroot/" local="129337828300000000" remote="129337828300000000" />
<file name="9.png" server="D:/wamp/www/EyeKolkata/wwwroot/" local="129337828280000000" remote="129337828280000000" />
<file name="b1.jpg" server="D:/wamp/www/EyeKolkata/wwwroot/" local="129337828280000000" remote="129337828280000000" />
<file name="b10.jpg" server="D:/wamp/www/EyeKolkata/wwwroot/" local="129337828260000000" remote="129337828260000000" />
<file name="b11.jpg" server="D:/wamp/www/EyeKolkata/wwwroot/" local="129337828260000000" remote="129337828260000000" />
<file name="b12.jpg" server="D:/wamp/www/EyeKolkata/wwwroot/" local="129337828260000000" remote="129337828260000000" />
<file name="b13.jpg" server="D:/wamp/www/EyeKolkata/wwwroot/" local="129337828240000000" remote="129337828240000000" />
<file name="b14.jpg" server="D:/wamp/www/EyeKolkata/wwwroot/" local="129337828240000000" remote="129337828240000000" />
<file name="b15.jpg" server="D:/wamp/www/EyeKolkata/wwwroot/" local="129337828220000000" remote="129337828220000000" />
<file name="b2.jpg" server="D:/wamp/www/EyeKolkata/wwwroot/" local="129337828220000000" remote="129337828220000000" />
<file name="b3.jpg" server="D:/wamp/www/EyeKolkata/wwwroot/" local="129337828200000000" remote="129337828200000000" />
<file name="b4.jpg" server="D:/wamp/www/EyeKolkata/wwwroot/" local="129337828200000000" remote="129337828200000000" />
<file name="b5.jpg" server="D:/wamp/www/EyeKolkata/wwwroot/" local="129337828180000000" remote="129337828180000000" />
<file name="b6.jpg" server="D:/wamp/www/EyeKolkata/wwwroot/" local="129337828180000000" remote="129337828180000000" />
<file name="b7.jpg" server="D:/wamp/www/EyeKolkata/wwwroot/" local="129337828160000000" remote="129337828160000000" />
<file name="b8.jpg" server="D:/wamp/www/EyeKolkata/wwwroot/" local="129337828160000000" remote="129337828160000000" />
<file name="b9.jpg" server="D:/wamp/www/EyeKolkata/wwwroot/" local="129337828140000000" remote="129337828140000000" />
<file name="Thumbs.db" server="D:/wamp/www/EyeKolkata/wwwroot/" local="129337828300000000" remote="129337828300000000" />
</dwsync>