<?xml version="1.0" encoding="utf-8" ?>
<dwsync>
<file name="comnav-arrowon.png" server="D:/wamp/www/EyeKolkata/wwwroot/" local="128571492180000000" remote="128571492180000000" />
<file name="comnav-arrowover.png" server="D:/wamp/www/EyeKolkata/wwwroot/" local="128571492180000000" remote="128571492180000000" />
<file name="comnav-arrowover2.png" server="D:/wamp/www/EyeKolkata/wwwroot/" local="128571492180000000" remote="128571492180000000" />
<file name="favicon.ico" server="D:/wamp/www/EyeKolkata/wwwroot/" local="128568807200000000" remote="128568807200000000" />
<file name="grad1.png" server="D:/wamp/www/EyeKolkata/wwwroot/" local="128571492180000000" remote="128571492180000000" />
<file name="icon.png" server="D:/wamp/www/EyeKolkata/wwwroot/" local="128571492180000000" remote="128571492180000000" />
<file name="nav-arrow-right.png" server="D:/wamp/www/EyeKolkata/wwwroot/" local="128571492180000000" remote="128571492180000000" />
<file name="nav-arrow-right2.png" server="D:/wamp/www/EyeKolkata/wwwroot/" local="128571492180000000" remote="128571492180000000" />
<file name="nav-sub-press.png" server="D:/wamp/www/EyeKolkata/wwwroot/" local="128571492180000000" remote="128571492180000000" />
</dwsync>