<?xml version="1.0" encoding="utf-8" ?>
<dwsync>
<file name="about.htm" server="D:/wamp/www/EyeKolkata/wwwroot/" local="129337827660000000" remote="129337827660000000" />
<file name="anchor.htm" server="D:/wamp/www/EyeKolkata/wwwroot/" local="129337827660000000" remote="129337827660000000" />
<file name="charmap.htm" server="D:/wamp/www/EyeKolkata/wwwroot/" local="129337827640000000" remote="129337827640000000" />
<file name="color_picker.htm" server="D:/wamp/www/EyeKolkata/wwwroot/" local="129337827640000000" remote="129337827640000000" />
<file name="editor_template.js" server="D:/wamp/www/EyeKolkata/wwwroot/" local="129337827640000000" remote="129337827640000000" />
<file name="editor_template_src.js" server="D:/wamp/www/EyeKolkata/wwwroot/" local="129337827620000000" remote="129337827620000000" />
<file name="image.htm" server="D:/wamp/www/EyeKolkata/wwwroot/" local="129337827620000000" remote="129337827620000000" />
<file name="link.htm" server="D:/wamp/www/EyeKolkata/wwwroot/" local="129337827600000000" remote="129337827600000000" />
<file name="source_editor.htm" server="D:/wamp/www/EyeKolkata/wwwroot/" local="129337827600000000" remote="129337827600000000" />
</dwsync>