<?xml version="1.0" encoding="utf-8" ?>
<dwsync>
<file name="1.jpg" server="D:/wamp/www/EyeKolkata/wwwroot/" local="129337823880000000" remote="129337823880000000" />
<file name="2.jpg" server="D:/wamp/www/EyeKolkata/wwwroot/" local="129337823860000000" remote="129337823860000000" />
<file name="aboutusheader.jpg" server="D:/wamp/www/EyeKolkata/wwwroot/" local="129337823820000000" remote="129337823820000000" />
<file name="aboutustitle.jpg" server="D:/wamp/www/EyeKolkata/wwwroot/" local="129337823800000000" remote="129337823800000000" />
<file name="BabyOp4.jpg" server="D:/wamp/www/EyeKolkata/wwwroot/" local="129337823840000000" remote="129337823840000000" />
<file name="logo.jpg" server="D:/wamp/www/EyeKolkata/wwwroot/" local="129337823780000000" remote="129337823780000000" />
<file name="mpal.jpg" server="D:/wamp/www/EyeKolkata/wwwroot/" local="129337823780000000" remote="129337823780000000" />
<file name="optomertisttestroom.jpg" server="D:/wamp/www/EyeKolkata/wwwroot/" local="129337823760000000" remote="129337823760000000" />
<file name="photoFrame.jpg" server="D:/wamp/www/EyeKolkata/wwwroot/" local="129337823760000000" remote="129337823760000000" />
<file name="sdas.jpg" server="D:/wamp/www/EyeKolkata/wwwroot/" local="129337823740000000" remote="129337823740000000" />
<file name="sdas1.jpg" server="D:/wamp/www/EyeKolkata/wwwroot/" local="129337823740000000" remote="129337823740000000" />
<file name="sdas2.jpg" server="D:/wamp/www/EyeKolkata/wwwroot/" local="129337823700000000" remote="129337823700000000" />
<file name="sdas3.jpg" server="D:/wamp/www/EyeKolkata/wwwroot/" local="129337823700000000" remote="129337823700000000" />
<file name="sdas4.jpg" server="D:/wamp/www/EyeKolkata/wwwroot/" local="129337823680000000" remote="129337823680000000" />
<file name="testi.png" server="D:/wamp/www/EyeKolkata/wwwroot/" local="129337823680000000" remote="129337823680000000" />
<file name="testi2.jpg" server="D:/wamp/www/EyeKolkata/wwwroot/" local="129337823660000000" remote="129337823660000000" />
<file name="testimonials.jpg" server="D:/wamp/www/EyeKolkata/wwwroot/" local="129337823640000000" remote="129337823640000000" />
<file name="testimonialsheader.jpg" server="D:/wamp/www/EyeKolkata/wwwroot/" local="129337823620000000" remote="129337823620000000" />
<file name="testphaco.jpg" server="D:/wamp/www/EyeKolkata/wwwroot/" local="129337823620000000" remote="129337823620000000" />
</dwsync>