<?xml version="1.0" encoding="utf-8" ?>
<dwsync>
<file name="grad1.png" server="D:/wamp/www/EyeKolkata/wwwroot/" local="129060464280000000" remote="129060464280000000" />
<file name="grad2.png" server="D:/wamp/www/EyeKolkata/wwwroot/" local="129060464280000000" remote="129060464280000000" />
<file name="logo_lwis.png" server="D:/wamp/www/EyeKolkata/wwwroot/" local="129060464280000000" remote="129060464280000000" />
<file name="nav-arrow-down-white.png" server="D:/wamp/www/EyeKolkata/wwwroot/" local="129060464280000000" remote="129060464280000000" />
<file name="nav-arrow-down.png" server="D:/wamp/www/EyeKolkata/wwwroot/" local="129060464280000000" remote="129060464280000000" />
<file name="nav-arrow-left-white.png" server="D:/wamp/www/EyeKolkata/wwwroot/" local="129060464280000000" remote="129060464280000000" />
<file name="nav-arrow-left.png" server="D:/wamp/www/EyeKolkata/wwwroot/" local="129060464280000000" remote="129060464280000000" />
<file name="nav-arrow-right-white.png" server="D:/wamp/www/EyeKolkata/wwwroot/" local="129060464280000000" remote="129060464280000000" />
<file name="nav-arrow-right.png" server="D:/wamp/www/EyeKolkata/wwwroot/" local="129060464280000000" remote="129060464280000000" />
<file name="nav-arrow-top-white.png" server="D:/wamp/www/EyeKolkata/wwwroot/" local="129060464280000000" remote="129060464280000000" />
<file name="nav-arrow-top.png" server="D:/wamp/www/EyeKolkata/wwwroot/" local="129060464280000000" remote="129060464280000000" />
<file name="pattern1.png" server="D:/wamp/www/EyeKolkata/wwwroot/" local="129060464280000000" remote="129060464280000000" />
<file name="pattern2.png" server="D:/wamp/www/EyeKolkata/wwwroot/" local="129060464280000000" remote="129060464280000000" />
</dwsync>