<?xml version="1.0" encoding="utf-8" ?>
<dwsync>
<file name="allergies.jpg" server="D:/wamp/www/EyeKolkata/wwwroot/" local="129337824080000000" remote="129337824080000000" />
<file name="allergies1.jpg" server="D:/wamp/www/EyeKolkata/wwwroot/" local="129337824080000000" remote="129337824080000000" />
<file name="contact-lens.jpg" server="D:/wamp/www/EyeKolkata/wwwroot/" local="129337824080000000" remote="129337824080000000" />
<file name="contact-lens1.jpg" server="D:/wamp/www/EyeKolkata/wwwroot/" local="129337824060000000" remote="129337824060000000" />
<file name="cosmetics.jpg" server="D:/wamp/www/EyeKolkata/wwwroot/" local="129337824060000000" remote="129337824060000000" />
<file name="cosmetics.jpg1" server="D:/wamp/www/EyeKolkata/wwwroot/" local="129337824040000000" remote="129337824040000000" />
<file name="eye-glasses.jpg" server="D:/wamp/www/EyeKolkata/wwwroot/" local="129337824040000000" remote="129337824040000000" />
<file name="eye-glasses1.jpg" server="D:/wamp/www/EyeKolkata/wwwroot/" local="129337824020000000" remote="129337824020000000" />
<file name="eye-safety.jpg" server="D:/wamp/www/EyeKolkata/wwwroot/" local="129337824020000000" remote="129337824020000000" />
<file name="eyecareheader.jpg" server="D:/wamp/www/EyeKolkata/wwwroot/" local="129337824020000000" remote="129337824020000000" />
<file name="first-aid-for-eye-injuries.jpg" server="D:/wamp/www/EyeKolkata/wwwroot/" local="129337824000000000" remote="129337824000000000" />
<file name="living-with-one-good-eye.jpg" server="D:/wamp/www/EyeKolkata/wwwroot/" local="129337824000000000" remote="129337824000000000" />
<file name="preventing-eye-injury.jpg" server="D:/wamp/www/EyeKolkata/wwwroot/" local="129337824000000000" remote="129337824000000000" />
<file name="sun-glass.jpg" server="D:/wamp/www/EyeKolkata/wwwroot/" local="129337823980000000" remote="129337823980000000" />
</dwsync>