<?xml version="1.0" encoding="utf-8" ?>
<dwsync>
<file name="add-edit-cms-page.php" server="D:/wamp/www/EyeKolkata/wwwroot/" local="129347648215000000" remote="129347648210000000" />
<file name="add-edit-faq.php" server="D:/wamp/www/EyeKolkata/wwwroot/" local="129348814810000000" remote="129348814810000000" />
<file name="config.php" server="D:/wamp/www/EyeKolkata/wwwroot/" local="129348802295468750" remote="129348802290000000" />
<file name="delete-enquiry.php" server="D:/wamp/www/EyeKolkata/wwwroot/" local="129347060509687500" remote="129347060500000000" />
<file name="enquiry.php" server="D:/wamp/www/EyeKolkata/wwwroot/" local="129349559302343750" remote="129349559300000000" />
<file name="get-enquiry-detail.php" server="D:/wamp/www/EyeKolkata/wwwroot/" local="129347037807343750" remote="129347037800000000" />
<file name="index.php" server="D:/wamp/www/EyeKolkata/wwwroot/" local="129347094839062500" remote="129347094830000000" />
<file name="index_.php" server="D:/wamp/www/EyeKolkata/wwwroot/" local="129341565315625000" remote="129341565310000000" />
<file name="login.php" server="D:/wamp/www/EyeKolkata/wwwroot/" local="129347133835000000" remote="129347133830000000" />
<file name="logoff.php" server="D:/wamp/www/EyeKolkata/wwwroot/" local="129340553056718750" remote="129340553050000000" />
<file name="view-cms-pages.php" server="D:/wamp/www/EyeKolkata/wwwroot/" local="129348826337656250" remote="129348826330000000" />
<file name="view-faq.php" server="D:/wamp/www/EyeKolkata/wwwroot/" local="129348819920781250" remote="129348819920000000" />
</dwsync>