<?xml version="1.0" encoding="utf-8" ?>
<dwsync>
<file name="CMSHwnd.class.php" server="D:/wamp/www/EyeKolkata/wwwroot/" local="129347100841406250" remote="129347100840000000" />
<file name="DBConn.class.php" server="D:/wamp/www/EyeKolkata/wwwroot/" local="129170954120000000" remote="129170954120000000" />
<file name="Encrypt.class.php" server="D:/wamp/www/EyeKolkata/wwwroot/" local="129339342640000000" remote="129339342640000000" />
<file name="Enquiry.class.php" server="D:/wamp/www/EyeKolkata/wwwroot/" local="129347492853437500" remote="129347492850000000" />
<file name="FAQ.class.php" server="D:/wamp/www/EyeKolkata/wwwroot/" local="129349549648281250" remote="129349549640000000" />
<file name="FilterGetPostVal.class.php" server="D:/wamp/www/EyeKolkata/wwwroot/" local="129340094858593750" remote="129340094850000000" />
<file name="Login.class.php" server="D:/wamp/www/EyeKolkata/wwwroot/" local="129347643754843750" remote="129347643750000000" />
<file name="Message.class.php" server="D:/wamp/www/EyeKolkata/wwwroot/" local="129150937600000000" remote="129150937600000000" />
<file name="PagiNationHwnd.class.php" server="D:/wamp/www/EyeKolkata/wwwroot/" local="129259802020000000" remote="129259802020000000" />
<file name="UploadHwnd.class.php" server="D:/wamp/www/EyeKolkata/wwwroot/" local="129127868260000000" remote="129127868260000000" />
</dwsync>