<?xml version="1.0" encoding="utf-8" ?>
<dwsync>
<file name="1.jpg" server="D:/wamp/www/EyeKolkata/wwwroot/" local="129337824320000000" remote="129337824320000000" />
<file name="2.jpg" server="D:/wamp/www/EyeKolkata/wwwroot/" local="129337824320000000" remote="129337824320000000" />
<file name="3.jpg" server="D:/wamp/www/EyeKolkata/wwwroot/" local="129337824300000000" remote="129337824300000000" />
<file name="4.jpg" server="D:/wamp/www/EyeKolkata/wwwroot/" local="129337824300000000" remote="129337824300000000" />
<file name="5.jpg" server="D:/wamp/www/EyeKolkata/wwwroot/" local="129337824280000000" remote="129337824280000000" />
<file name="6.jpg" server="D:/wamp/www/EyeKolkata/wwwroot/" local="129337824280000000" remote="129337824280000000" />
<file name="7.jpg" server="D:/wamp/www/EyeKolkata/wwwroot/" local="129337824260000000" remote="129337824260000000" />
<file name="8.jpg" server="D:/wamp/www/EyeKolkata/wwwroot/" local="129337824260000000" remote="129337824260000000" />
<file name="Thumbs.db" server="D:/wamp/www/EyeKolkata/wwwroot/" local="129337824240000000" remote="129337824240000000" />
</dwsync>