<?xml version="1.0" encoding="utf-8" ?>
<dwsync>
<file name="1.jpg" server="D:/wamp/www/EyeKolkata/wwwroot/" local="129337828860000000" remote="129337828860000000" />
<file name="2.jpg" server="D:/wamp/www/EyeKolkata/wwwroot/" local="129337828860000000" remote="129337828860000000" />
<file name="3.jpg" server="D:/wamp/www/EyeKolkata/wwwroot/" local="129337828860000000" remote="129337828860000000" />
<file name="4.jpg" server="D:/wamp/www/EyeKolkata/wwwroot/" local="129337828840000000" remote="129337828840000000" />
<file name="5.jpg" server="D:/wamp/www/EyeKolkata/wwwroot/" local="129337828840000000" remote="129337828840000000" />
<file name="6.jpg" server="D:/wamp/www/EyeKolkata/wwwroot/" local="129337828820000000" remote="129337828820000000" />
<file name="img1.jpg" server="D:/wamp/www/EyeKolkata/wwwroot/" local="129337828800000000" remote="129337828800000000" />
<file name="img2.jpg" server="D:/wamp/www/EyeKolkata/wwwroot/" local="129337828800000000" remote="129337828800000000" />
<file name="img3.jpg" server="D:/wamp/www/EyeKolkata/wwwroot/" local="129337828780000000" remote="129337828780000000" />
<file name="img4.jpg" server="D:/wamp/www/EyeKolkata/wwwroot/" local="129337828760000000" remote="129337828760000000" />
<file name="img5.jpg" server="D:/wamp/www/EyeKolkata/wwwroot/" local="129337828760000000" remote="129337828760000000" />
<file name="img6.jpg" server="D:/wamp/www/EyeKolkata/wwwroot/" local="129337828740000000" remote="129337828740000000" />
<file name="Thumbs.db" server="D:/wamp/www/EyeKolkata/wwwroot/" local="129337828820000000" remote="129337828820000000" />
</dwsync>