<?xml version="1.0" encoding="utf-8" ?>
<dwsync>
<file name="favicon.ico" server="D:/wamp/www/EyeKolkata/wwwroot/" local="128725037340000000" remote="128725037340000000" />
<file name="icon.png" server="D:/wamp/www/EyeKolkata/wwwroot/" local="128725312260000000" remote="128725312260000000" />
<file name="nav-arrow-down-on.png" server="D:/wamp/www/EyeKolkata/wwwroot/" local="128725312260000000" remote="128725312260000000" />
<file name="nav-arrow-down-open.png" server="D:/wamp/www/EyeKolkata/wwwroot/" local="128725312260000000" remote="128725312260000000" />
<file name="nav-arrow-down.png" server="D:/wamp/www/EyeKolkata/wwwroot/" local="128725312260000000" remote="128725312260000000" />
<file name="nav-arrow-left-on.png" server="D:/wamp/www/EyeKolkata/wwwroot/" local="128725312260000000" remote="128725312260000000" />
<file name="nav-arrow-left-open.png" server="D:/wamp/www/EyeKolkata/wwwroot/" local="128725312260000000" remote="128725312260000000" />
<file name="nav-arrow-left.png" server="D:/wamp/www/EyeKolkata/wwwroot/" local="128725312260000000" remote="128725312260000000" />
<file name="nav-arrow-right-on.png" server="D:/wamp/www/EyeKolkata/wwwroot/" local="128725312260000000" remote="128725312260000000" />
<file name="nav-arrow-right-open.png" server="D:/wamp/www/EyeKolkata/wwwroot/" local="128725312260000000" remote="128725312260000000" />
<file name="nav-arrow-right.png" server="D:/wamp/www/EyeKolkata/wwwroot/" local="128725312260000000" remote="128725312260000000" />
<file name="nav-arrow-up-on.png" server="D:/wamp/www/EyeKolkata/wwwroot/" local="128725312260000000" remote="128725312260000000" />
<file name="nav-arrow-up-open.png" server="D:/wamp/www/EyeKolkata/wwwroot/" local="128725312260000000" remote="128725312260000000" />
<file name="nav-arrow-up.png" server="D:/wamp/www/EyeKolkata/wwwroot/" local="128725312260000000" remote="128725312260000000" />
<file name="pattern1.png" server="D:/wamp/www/EyeKolkata/wwwroot/" local="128725312260000000" remote="128725312260000000" />
<file name="pattern2.png" server="D:/wamp/www/EyeKolkata/wwwroot/" local="128725312260000000" remote="128725312260000000" />
<file name="pattern3.png" server="D:/wamp/www/EyeKolkata/wwwroot/" local="128725312260000000" remote="128725312260000000" />
</dwsync>